"Date","Price","Open","High","Low","Change %"
"Dec 29, 2019","4.0672","4.0483","4.0718","4.0032","0.52%"
"Dec 22, 2019","4.0460","4.1017","4.1017","4.0339","-1.38%"
"Dec 15, 2019","4.1025","4.1095","4.1095","4.0462","-0.14%"
"Dec 08, 2019","4.1082","4.1417","4.1608","4.0751","-0.80%"
"Dec 01, 2019","4.1414","4.2363","4.2534","4.1330","-2.25%"
"Nov 24, 2019","4.2367","4.1989","4.2773","4.1823","0.96%"
"Nov 17, 2019","4.1966","4.1780","4.2241","4.1693","0.01%"
"Nov 10, 2019","4.1962","4.1669","4.1991","4.1354","0.79%"
"Nov 03, 2019","4.1635","3.9884","4.1707","3.9741","4.34%"
"Oct 27, 2019","3.9903","4.0024","4.0380","3.9634","-0.34%"
"Oct 20, 2019","4.0038","4.1115","4.1525","3.9913","-2.62%"
"Oct 13, 2019","4.1117","4.1075","4.1878","4.1075","0.05%"
"Oct 06, 2019","4.1097","4.0563","4.1373","4.0560","1.33%"
"Sep 29, 2019","4.0556","4.1618","4.1855","4.0496","-2.51%"
"Sep 22, 2019","4.1602","4.1490","4.1945","4.1207","0.29%"
"Sep 15, 2019","4.1480","4.0854","4.1841","4.0713","1.54%"
"Sep 08, 2019","4.0849","4.0638","4.1301","4.0269","0.57%"
"Sep 01, 2019","4.0618","4.1441","4.1898","4.0531","-2.01%"
"Aug 25, 2019","4.1453","4.1198","4.1951","4.1029","0.62%"
"Aug 18, 2019","4.1198","4.0023","4.1320","3.9895","2.85%"
"Aug 11, 2019","4.0058","3.9395","4.0539","3.9384","1.63%"
"Aug 04, 2019","3.9416","3.8864","3.9932","3.8864","1.34%"
"Jul 28, 2019","3.8893","3.7757","3.8937","3.7480","3.00%"
"Jul 21, 2019","3.7761","3.7460","3.8070","3.7294","0.71%"
"Jul 14, 2019","3.7494","3.7369","3.7723","3.7186","0.32%"
"Jul 07, 2019","3.7373","3.8165","3.8184","3.7304","-2.22%"
"Jun 30, 2019","3.8221","3.8377","3.8810","3.7831","-0.78%"
"Jun 23, 2019","3.8520","3.8212","3.8728","3.8061","0.86%"
"Jun 16, 2019","3.8192","3.8966","3.9245","3.8119","-1.97%"
"Jun 09, 2019","3.8958","3.8752","3.9135","3.8293","0.44%"
"Jun 02, 2019","3.8789","3.9240","3.9356","3.8370","-1.12%"
"May 26, 2019","3.9228","4.0132","4.0545","3.9090","-2.48%"
"May 19, 2019","4.0225","4.1022","4.1226","4.0072","-1.89%"
"May 12, 2019","4.0999","3.9760","4.1129","3.9657","3.61%"
"May 05, 2019","3.9572","3.9379","4.0002","3.9250","0.48%"
"Apr 28, 2019","3.9382","3.9294","3.9718","3.9124","0.23%"
"Apr 21, 2019","3.9293","3.9264","4.0064","3.9122","0.05%"
"Apr 14, 2019","3.9275","3.8823","3.9525","3.8600","1.17%"
"Apr 07, 2019","3.8819","3.8721","3.9080","3.8146","0.22%"
"Mar 31, 2019","3.8735","3.8892","3.8927","3.8325","-1.30%"
"Mar 24, 2019","3.9247","3.9047","4.0163","3.8339","0.45%"
"Mar 17, 2019","3.9071","3.8164","3.9169","3.7383","2.43%"
"Mar 10, 2019","3.8144","3.8678","3.8725","3.8003","-1.36%"
"Mar 03, 2019","3.8668","3.7740","3.9032","3.7740","2.43%"
"Feb 24, 2019","3.7752","3.7468","3.7957","3.7170","0.71%"
"Feb 17, 2019","3.7485","3.7012","3.7721","3.6898","1.29%"
"Feb 10, 2019","3.7008","3.7312","3.7952","3.6983","-0.76%"
"Feb 03, 2019","3.7292","3.6599","3.7477","3.6593","1.90%"
"Jan 27, 2019","3.6597","3.7776","3.7874","3.6358","-2.95%"
"Jan 20, 2019","3.7708","3.7607","3.8176","3.7378","0.51%"
"Jan 13, 2019","3.7517","3.7123","3.7756","3.6848","1.09%"
"Jan 06, 2019","3.7113","3.7139","3.7416","3.6747","-0.11%"
"Dec 30, 2018","3.7155","3.8784","3.8969","3.7088","-4.27%"
"Dec 23, 2018","3.8813","3.9043","3.9461","3.8298","-0.58%"
"Dec 16, 2018","3.9040","3.9173","3.9285","3.8324","-0.33%"
"Dec 09, 2018","3.9171","3.9075","3.9454","3.8362","0.25%"
"Dec 02, 2018","3.9075","3.8663","3.9432","3.8147","1.05%"
"Nov 25, 2018","3.8669","3.8179","3.9447","3.8166","1.01%"
"Nov 18, 2018","3.8283","3.7466","3.8306","3.7420","2.27%"
"Nov 11, 2018","3.7435","3.7487","3.8313","3.7296","0.27%"
"Nov 04, 2018","3.7335","3.6967","3.7874","3.6909","0.99%"
"Oct 28, 2018","3.6968","3.6431","3.7445","3.5814","1.48%"
"Oct 21, 2018","3.6429","3.6943","3.7463","3.6395","-1.94%"
"Oct 14, 2018","3.7149","3.7569","3.7652","3.6648","-1.80%"
"Oct 07, 2018","3.7830","3.7276","3.7914","3.7008","-1.52%"
"Sep 30, 2018","3.8413","4.0502","4.0635","3.8220","-5.13%"
"Sep 23, 2018","4.0491","4.0656","4.1427","3.9676","-0.06%"
"Sep 16, 2018","4.0516","4.1741","4.2038","4.0278","-2.94%"
"Sep 09, 2018","4.1742","4.0670","4.2105","4.0514","2.82%"
"Sep 02, 2018","4.0597","4.0918","4.1908","4.0357","0.10%"
"Aug 26, 2018","4.0556","4.1063","4.2159","4.0478","-1.13%"
"Aug 19, 2018","4.1020","3.9139","4.1326","3.9139","4.87%"
"Aug 12, 2018","3.9116","3.8590","3.9537","3.8588","1.35%"
"Aug 05, 2018","3.8596","3.7054","3.8746","3.6909","4.09%"
"Jul 29, 2018","3.7080","3.7146","3.7825","3.6963","-0.09%"
"Jul 22, 2018","3.7114","3.7673","3.8040","3.6892","-1.50%"
"Jul 15, 2018","3.7681","3.8516","3.8927","3.7584","-2.17%"
"Jul 08, 2018","3.8518","3.8643","3.9021","3.7931","-0.28%"
"Jul 01, 2018","3.8628","3.8782","3.9529","3.8594","-0.37%"
"Jun 24, 2018","3.8771","3.7880","3.8801","3.7610","2.41%"
"Jun 17, 2018","3.7860","3.7308","3.8041","3.7064","1.51%"
"Jun 10, 2018","3.7296","3.7094","3.8155","3.6677","0.54%"
"Jun 03, 2018","3.7094","3.7660","3.9674","3.6928","-1.43%"
"May 27, 2018","3.7633","3.6515","3.7706","3.6513","3.04%"
"May 20, 2018","3.6524","3.7378","3.7388","3.6166","-2.26%"
"May 13, 2018","3.7370","3.5991","3.7772","3.5728","3.81%"
"May 06, 2018","3.5999","3.5314","3.6130","3.5314","1.97%"
"Apr 29, 2018","3.5303","3.4575","3.5680","3.4575","2.13%"
"Apr 22, 2018","3.4568","3.4145","3.5162","3.4145","1.28%"
"Apr 15, 2018","3.4130","3.4253","3.4364","3.3733","-0.27%"
"Apr 08, 2018","3.4223","3.3689","3.4360","3.3632","1.56%"
"Apr 01, 2018","3.3697","3.3053","3.3807","3.2961","1.95%"
"Mar 25, 2018","3.3051","3.3138","3.3464","3.2922","-0.22%"
"Mar 18, 2018","3.3123","3.2784","3.3190","3.2630","0.95%"
"Mar 11, 2018","3.2811","3.2551","3.2997","3.2370","0.79%"
"Mar 04, 2018","3.2553","3.2528","3.2708","3.2055","0.08%"
"Feb 25, 2018","3.2528","3.2379","3.2716","3.2218","0.46%"
"Feb 18, 2018","3.2379","3.2305","3.2738","3.2219","0.21%"
"Feb 11, 2018","3.2312","3.2951","3.2971","3.1978","-1.91%"
"Feb 04, 2018","3.2942","3.2184","3.3188","3.2132","2.36%"
"Jan 28, 2018","3.2181","3.1530","3.2234","3.1454","2.13%"
"Jan 21, 2018","3.1510","3.1961","3.2441","3.1195","-1.41%"
"Jan 14, 2018","3.1962","3.2054","3.2386","3.1912","-0.32%"
"Jan 07, 2018","3.2064","3.2289","3.2556","3.1989","-0.71%"
"Dec 31, 2017","3.2292","3.3136","3.3136","3.2214","-2.51%"
"Dec 24, 2017","3.3125","3.3378","3.3378","3.2919","-0.73%"
"Dec 17, 2017","3.3370","3.2947","3.3401","3.2780","1.28%"
"Dec 10, 2017","3.2947","3.2912","3.3476","3.2726","0.09%"
"Dec 03, 2017","3.2919","3.2581","3.3182","3.2195","1.04%"
"Nov 26, 2017","3.2581","3.2330","3.2883","3.2002","0.78%"
"Nov 19, 2017","3.2330","3.2574","3.2657","3.2183","-0.75%"
"Nov 12, 2017","3.2574","3.2821","3.3176","3.2546","-0.63%"
"Nov 05, 2017","3.2779","3.3144","3.3144","3.2359","-1.10%"
"Oct 29, 2017","3.3144","3.2366","3.3350","3.2343","2.41%"
"Oct 22, 2017","3.2363","3.1930","3.3030","3.1894","1.37%"
"Oct 15, 2017","3.1926","3.1452","3.1980","3.1439","1.51%"
"Oct 08, 2017","3.1452","3.1562","3.1900","3.1437","-0.35%"
"Oct 01, 2017","3.1561","3.1641","3.1787","3.1221","-0.18%"
"Sep 24, 2017","3.1619","3.1324","3.2005","3.1258","1.18%"
"Sep 17, 2017","3.1250","3.1107","3.1473","3.1079","0.53%"
"Sep 10, 2017","3.1085","3.0903","3.1505","3.0790","0.71%"
"Sep 03, 2017","3.0867","3.1402","3.1448","3.0819","-1.75%"
"Aug 27, 2017","3.1416","3.1593","3.1766","3.1223","-0.59%"
"Aug 20, 2017","3.1603","3.1492","3.1909","3.1330","0.44%"
"Aug 13, 2017","3.1465","3.1763","3.2060","3.1404","-1.48%"
"Aug 06, 2017","3.1938","3.1311","3.2210","3.1189","2.00%"
"Jul 30, 2017","3.1313","3.1328","3.1446","3.1077","-0.02%"
"Jul 23, 2017","3.1319","3.1393","3.1773","3.1283","-0.32%"
"Jul 16, 2017","3.1418","3.1806","3.1875","3.1099","-1.20%"
"Jul 09, 2017","3.1799","3.2802","3.2814","3.1782","-3.09%"
"Jul 02, 2017","3.2813","3.3194","3.3317","3.2679","-0.78%"
"Jun 25, 2017","3.3072","3.3453","3.3453","3.2708","-1.07%"
"Jun 18, 2017","3.3430","3.2901","3.3488","3.2801","1.51%"
"Jun 11, 2017","3.2933","3.2967","3.3340","3.2641","-0.12%"
"Jun 04, 2017","3.2971","3.2471","3.3026","3.2471","1.50%"
"May 28, 2017","3.2483","3.2670","3.2774","3.2151","-0.36%"
"May 21, 2017","3.2601","3.2533","3.3190","3.2470","0.22%"
"May 14, 2017","3.2529","3.1225","3.4093","3.0873","4.20%"
"May 07, 2017","3.1218","3.1753","3.2077","3.1164","-1.75%"
"Apr 30, 2017","3.1774","3.1774","3.1968","3.1413","0.03%"
"Apr 23, 2017","3.1766","3.1505","3.2149","3.1181","0.90%"
"Apr 16, 2017","3.1482","3.1448","3.1711","3.0878","0.11%"
"Apr 09, 2017","3.1448","3.1465","3.1599","3.1145","-0.04%"
"Apr 02, 2017","3.1462","3.1231","3.1593","3.0802","0.73%"
"Mar 26, 2017","3.1233","3.1077","3.1785","3.1073","0.47%"
"Mar 19, 2017","3.1086","3.0928","3.1515","3.0606","0.54%"
"Mar 12, 2017","3.0918","3.1387","3.1829","3.0875","-1.52%"
"Mar 05, 2017","3.1395","3.1158","3.1996","3.1012","0.76%"
"Feb 26, 2017","3.1158","3.1115","3.1633","3.0905","0.15%"
"Feb 19, 2017","3.1110","3.1019","3.1195","3.0524","0.20%"
"Feb 12, 2017","3.1048","3.1147","3.1286","3.0396","-0.35%"
"Feb 05, 2017","3.1157","3.1193","3.1376","3.1058","-0.06%"
"Jan 29, 2017","3.1176","3.1391","3.1631","3.1012","-0.74%"
"Jan 22, 2017","3.1410","3.1695","3.1954","3.1398","-0.88%"
"Jan 15, 2017","3.1690","3.2236","3.2445","3.1689","-1.62%"
"Jan 08, 2017","3.2213","3.2250","3.2323","3.1528","-0.09%"
"Jan 01, 2017","3.2241","3.2534","3.2923","3.1871","-0.94%"
"Dec 25, 2016","3.2547","3.2720","3.2969","3.2416","-0.50%"
"Dec 18, 2016","3.2710","3.3920","3.4037","3.2575","-3.57%"
"Dec 11, 2016","3.3920","3.3775","3.4126","3.3017","0.40%"
"Dec 04, 2016","3.3785","3.4765","3.4821","3.3525","-2.79%"
"Nov 27, 2016","3.4755","3.4215","3.4928","3.3756","1.55%"
"Nov 20, 2016","3.4223","3.3838","3.4687","3.3288","1.15%"
"Nov 13, 2016","3.3835","3.3927","3.4750","3.3715","-0.24%"
"Nov 06, 2016","3.3915","3.2348","3.5086","3.1630","4.88%"
"Oct 30, 2016","3.2337","3.2045","3.2649","3.1638","0.85%"
"Oct 23, 2016","3.2065","3.1515","3.2078","3.1026","1.76%"
"Oct 16, 2016","3.1511","3.2066","3.2180","3.1348","-1.68%"
"Oct 09, 2016","3.2051","3.2227","3.2279","3.1647","-0.48%"
"Oct 02, 2016","3.2204","3.2630","3.2639","3.1920","-1.22%"
"Sep 25, 2016","3.2603","3.2450","3.2706","3.2137","0.47%"
"Sep 18, 2016","3.2450","3.2632","3.2792","3.1813","-0.53%"
"Sep 11, 2016","3.2622","3.2723","3.3681","3.2409","-0.35%"
"Sep 04, 2016","3.2735","3.2573","3.2864","3.1658","0.51%"
"Aug 28, 2016","3.2568","3.2663","3.2918","3.2163","-0.27%"
"Aug 21, 2016","3.2655","3.2070","3.2795","3.1849","1.93%"
"Aug 14, 2016","3.2038","3.1918","3.2515","3.1564","0.35%"
"Aug 07, 2016","3.1925","3.1644","3.1950","3.1130","0.84%"
"Jul 31, 2016","3.1660","3.2496","3.2936","3.1602","-2.54%"
"Jul 24, 2016","3.2486","3.2568","3.2999","3.2283","-0.24%"
"Jul 17, 2016","3.2565","3.2765","3.2965","3.2378","-0.78%"
"Jul 10, 2016","3.2820","3.2999","3.3201","3.2172","-0.56%"
"Jul 03, 2016","3.3005","3.2336","3.3720","3.2300","1.99%"
"Jun 26, 2016","3.2361","3.3725","3.4167","3.1831","-4.08%"
"Jun 19, 2016","3.3739","3.4177","3.4507","3.3318","-1.24%"
"Jun 12, 2016","3.4163","3.4195","3.5157","3.4134","-0.07%"
"Jun 05, 2016","3.4188","3.5278","3.5297","3.3565","-2.99%"
"May 29, 2016","3.5240","3.6113","3.6381","3.5215","-2.42%"
"May 22, 2016","3.6115","3.5206","3.6303","3.5131","2.59%"
"May 15, 2016","3.5202","3.5316","3.6191","3.4819","-0.39%"
"May 08, 2016","3.5340","3.5025","3.6770","3.4361","0.91%"
"May 01, 2016","3.5023","3.4364","3.5835","3.4341","1.94%"
"Apr 24, 2016","3.4358","3.5648","3.5701","3.4289","-3.61%"
"Apr 17, 2016","3.5646","3.5318","3.6188","3.4717","0.89%"
"Apr 10, 2016","3.5332","3.5869","3.5918","3.4575","-1.58%"
"Apr 03, 2016","3.5901","3.5536","3.7200","3.5470","1.02%"
"Mar 27, 2016","3.5538","3.6869","3.6889","3.5326","-3.52%"
"Mar 20, 2016","3.6835","3.6245","3.7217","3.5743","1.64%"
"Mar 13, 2016","3.6240","3.5828","3.8540","3.5732","1.17%"
"Mar 06, 2016","3.5820","3.7582","3.8031","3.5725","-4.72%"
"Feb 28, 2016","3.7593","3.9940","4.0236","3.6537","-5.86%"
"Feb 21, 2016","3.9933","4.0206","4.0235","3.9205","-0.70%"
"Feb 14, 2016","4.0214","4.0027","4.0791","3.9672","0.47%"
"Feb 07, 2016","4.0027","3.9037","4.0164","3.8820","2.54%"
"Jan 31, 2016","3.9035","3.9992","4.0280","3.8453","-2.38%"
"Jan 24, 2016","3.9988","4.0946","4.1251","3.9928","-2.34%"
"Jan 17, 2016","4.0945","4.0484","4.1738","3.9985","1.15%"
"Jan 10, 2016","4.0479","4.0245","4.0677","3.9707","0.58%"
"Jan 03, 2016","4.0245","3.9608","4.0749","3.9590","1.61%"
"Dec 27, 2015","3.9608","3.9463","4.0200","3.8402","0.37%"
"Dec 20, 2015","3.9463","3.9823","4.0424","3.9336","-0.91%"
"Dec 13, 2015","3.9824","3.8730","3.9858","3.8504","2.82%"
"Dec 06, 2015","3.8730","3.7540","3.8908","3.7165","3.22%"
"Nov 29, 2015","3.7521","3.8461","3.9243","3.7243","-2.45%"
"Nov 22, 2015","3.8464","3.7053","3.8491","3.6937","3.81%"
"Nov 15, 2015","3.7052","3.8453","3.8621","3.7046","-3.65%"
"Nov 08, 2015","3.8456","3.7713","3.8515","3.7058","1.97%"
"Nov 01, 2015","3.7713","3.8562","3.8743","3.7425","-2.21%"
"Oct 25, 2015","3.8564","3.8792","3.9567","3.8241","-0.63%"
"Oct 18, 2015","3.8807","3.9239","3.9675","3.8466","-1.12%"
"Oct 11, 2015","3.9245","3.7630","3.9543","3.7553","4.21%"
"Oct 04, 2015","3.7660","3.9329","3.9516","3.7233","-4.25%"
"Sep 27, 2015","3.9331","3.9761","4.1548","3.9234","-1.12%"
"Sep 20, 2015","3.9777","3.9433","4.2491","3.8823","0.81%"
"Sep 13, 2015","3.9459","3.8733","3.9630","3.8060","1.95%"
"Sep 06, 2015","3.8705","3.8424","3.9166","3.7643","0.68%"
"Aug 30, 2015","3.8443","3.5812","3.8617","3.5808","7.31%"
"Aug 23, 2015","3.5823","3.4998","3.6571","3.4992","2.33%"
"Aug 16, 2015","3.5007","3.4878","3.5235","3.4488","0.46%"
"Aug 09, 2015","3.4845","3.5073","3.5294","3.4349","-0.64%"
"Aug 02, 2015","3.5071","3.4226","3.5711","3.4209","2.51%"
"Jul 26, 2015","3.4213","3.3542","3.4354","3.3129","1.96%"
"Jul 19, 2015","3.3556","3.1886","3.3580","3.1639","5.25%"
"Jul 12, 2015","3.1881","3.1593","3.2039","3.1132","0.91%"
"Jul 05, 2015","3.1593","3.1341","3.2438","3.1303","0.78%"
"Jun 28, 2015","3.1347","3.1300","3.1591","3.0861","0.17%"
"Jun 21, 2015","3.1295","3.0958","3.1433","3.0623","1.03%"
"Jun 14, 2015","3.0976","3.1189","3.1418","3.0305","-0.67%"
"Jun 07, 2015","3.1185","3.1433","3.1727","3.0625","-0.81%"
"May 31, 2015","3.1439","3.1785","3.2144","3.1021","-1.13%"
"May 24, 2015","3.1798","3.0957","3.1973","3.0891","2.74%"
"May 17, 2015","3.0949","2.9966","3.1007","2.9947","3.26%"
"May 10, 2015","2.9972","2.9760","3.0788","2.9714","0.80%"
"May 03, 2015","2.9733","3.0162","3.0966","2.9733","-1.37%"
"Apr 26, 2015","3.0146","2.9516","3.0215","2.8827","2.13%"
"Apr 19, 2015","2.9517","3.0529","3.0584","2.9501","-2.93%"
"Apr 12, 2015","3.0409","3.0745","3.1286","2.9988","-1.13%"
"Apr 05, 2015","3.0756","3.1211","3.1489","3.0232","-1.45%"
"Mar 29, 2015","3.1210","3.2493","3.2885","3.1178","-3.96%"
"Mar 22, 2015","3.2496","3.2287","3.2500","3.0924","0.63%"
"Mar 15, 2015","3.2293","3.2493","3.3176","3.1898","-0.61%"
"Mar 08, 2015","3.2492","3.0615","3.2813","3.0590","6.12%"
"Mar 01, 2015","3.0617","2.8392","3.0732","2.8392","7.84%"
"Feb 22, 2015","2.8390","2.8680","2.9214","2.8267","-1.01%"
"Feb 15, 2015","2.8680","2.8343","2.8863","2.8284","1.18%"
"Feb 08, 2015","2.8346","2.7828","2.8834","2.7652","1.87%"
"Feb 01, 2015","2.7825","2.6824","2.7852","2.6660","3.73%"
"Jan 25, 2015","2.6824","2.5795","2.6930","2.5655","3.98%"
"Jan 18, 2015","2.5798","2.6216","2.6650","2.5501","-1.57%"
"Jan 11, 2015","2.6210","2.6305","2.6827","2.5945","-0.35%"
"Jan 04, 2015","2.6301","2.6933","2.7306","2.6263","-2.38%"
"Dec 28, 2014","2.6941","2.6685","2.7133","2.6411","0.96%"
"Dec 21, 2014","2.6685","2.6603","2.7101","2.6445","0.33%"
"Dec 14, 2014","2.6598","2.6546","2.7605","2.6398","0.20%"
"Dec 07, 2014","2.6545","2.5896","2.6780","2.5844","2.51%"
"Nov 30, 2014","2.5895","2.5654","2.6098","2.5433","0.92%"
"Nov 23, 2014","2.5659","2.5160","2.5829","2.4954","2.01%"
"Nov 16, 2014","2.5153","2.6006","2.6190","2.5082","-3.32%"
"Nov 09, 2014","2.6018","2.5593","2.6301","2.5320","1.68%"
"Nov 02, 2014","2.5587","2.4787","2.5897","2.4539","3.24%"
"Oct 26, 2014","2.4783","2.4737","2.5595","2.3931","0.18%"
"Oct 19, 2014","2.4739","2.4359","2.5186","2.4359","1.57%"
"Oct 12, 2014","2.4356","2.4293","2.5065","2.3798","0.25%"
"Oct 05, 2014","2.4295","2.4581","2.4581","2.3563","-1.19%"
"Sep 28, 2014","2.4588","2.4207","2.5078","2.4207","1.60%"
"Sep 21, 2014","2.4200","2.3676","2.4436","2.3628","2.19%"
"Sep 14, 2014","2.3682","2.3393","2.3860","2.3159","1.24%"
"Sep 07, 2014","2.3392","2.2437","2.3468","2.2395","4.41%"
"Aug 31, 2014","2.2405","2.2361","2.2571","2.2250","0.20%"
"Aug 24, 2014","2.2360","2.2775","2.2910","2.2331","-1.84%"
"Aug 17, 2014","2.2778","2.2599","2.2847","2.2468","0.80%"
"Aug 10, 2014","2.2598","2.2824","2.2885","2.2565","-0.94%"
"Aug 03, 2014","2.2812","2.2603","2.3081","2.2479","1.05%"
"Jul 27, 2014","2.2574","2.2298","2.2849","2.2216","1.27%"
"Jul 20, 2014","2.2290","2.2250","2.2333","2.2065","0.16%"
"Jul 13, 2014","2.2255","2.2215","2.2612","2.2099","0.21%"
"Jul 06, 2014","2.2208","2.2134","2.2287","2.2075","0.34%"
"Jun 29, 2014","2.2132","2.1936","2.2452","2.1936","0.88%"
"Jun 22, 2014","2.1940","2.2298","2.2351","2.1869","-1.59%"
"Jun 15, 2014","2.2295","2.2238","2.2646","2.2230","0.24%"
"Jun 08, 2014","2.2241","2.2449","2.2460","2.2212","-1.04%"
"Jun 01, 2014","2.2475","2.2415","2.2921","2.2390","0.30%"
"May 25, 2014","2.2407","2.2220","2.2475","2.2157","0.77%"
"May 18, 2014","2.2235","2.2159","2.2266","2.2003","0.40%"
"May 11, 2014","2.2146","2.2180","2.2285","2.2010","0.08%"
"May 04, 2014","2.2128","2.2299","2.2493","2.1995","-0.32%"
"Apr 27, 2014","2.2200","2.2421","2.2583","2.2054","-1.09%"
"Apr 20, 2014","2.2445","2.2370","2.2507","2.2118","0.33%"
"Apr 13, 2014","2.2372","2.2172","2.2555","2.2056","0.85%"
"Apr 06, 2014","2.2184","2.2372","2.2496","2.1820","-0.79%"
"Mar 30, 2014","2.2361","2.2635","2.2889","2.2348","-1.14%"
"Mar 23, 2014","2.2618","2.3241","2.3348","2.2484","-2.70%"
"Mar 16, 2014","2.3246","2.3476","2.3604","2.3156","-0.93%"
"Mar 09, 2014","2.3465","2.3457","2.3766","2.3263","0.26%"
"Mar 02, 2014","2.3405","2.3384","2.3497","2.2992","0.09%"
"Feb 23, 2014","2.3384","2.3468","2.3571","2.3178","-0.30%"
"Feb 16, 2014","2.3455","2.3853","2.4125","2.3417","-1.82%"
"Feb 09, 2014","2.3891","2.3809","2.4339","2.3788","0.37%"
"Feb 02, 2014","2.3802","2.4127","2.4405","2.3695","-1.35%"
"Jan 26, 2014","2.4127","2.4005","2.4506","2.3900","0.60%"
"Jan 19, 2014","2.3982","2.3425","2.4328","2.3275","2.37%"
"Jan 12, 2014","2.3426","2.3607","2.3777","2.3382","-0.67%"
"Jan 05, 2014","2.3584","2.3811","2.4036","2.3548","-0.76%"
"Dec 29, 2013","2.3765","2.3386","2.4097","2.3260","1.63%"
"Dec 22, 2013","2.3384","2.3876","2.3876","2.3348","-2.06%"
"Dec 15, 2013","2.3876","2.3317","2.3893","2.3087","2.47%"
"Dec 08, 2013","2.3300","2.3312","2.3515","2.3045","0.14%"
"Dec 01, 2013","2.3268","2.3373","2.3969","2.3218","-0.39%"
"Nov 24, 2013","2.3358","2.2813","2.3437","2.2768","2.50%"
"Nov 17, 2013","2.2788","2.3194","2.3196","2.2502","-1.73%"
"Nov 10, 2013","2.3190","2.3133","2.3487","2.3022","0.21%"
"Nov 03, 2013","2.3142","2.2521","2.3447","2.2369","2.55%"
"Oct 27, 2013","2.2567","2.1888","2.2631","2.1738","3.15%"
"Oct 20, 2013","2.1877","2.1692","2.2096","2.1646","0.86%"
"Oct 13, 2013","2.1690","2.1789","2.1942","2.1465","-0.23%"
"Oct 06, 2013","2.1740","2.2076","2.2214","2.1685","-1.72%"
"Sep 29, 2013","2.2120","2.2567","2.2601","2.1906","-1.79%"
"Sep 22, 2013","2.2523","2.2105","2.2652","2.1878","1.90%"
"Sep 15, 2013","2.2102","2.2495","2.2858","2.1795","-3.07%"
"Sep 08, 2013","2.2803","2.2988","2.3080","2.2600","-1.14%"
"Sep 01, 2013","2.3066","2.3822","2.4036","2.2800","-3.34%"
"Aug 25, 2013","2.3862","2.3487","2.4183","2.3203","1.60%"
"Aug 18, 2013","2.3486","2.3926","2.4553","2.3460","-1.83%"
"Aug 11, 2013","2.3925","2.2685","2.3981","2.2628","5.32%"
"Aug 04, 2013","2.2717","2.2885","2.3161","2.2633","-0.70%"
"Jul 28, 2013","2.2876","2.2525","2.3138","2.2525","1.37%"
"Jul 21, 2013","2.2567","2.2462","2.2647","2.2104","0.45%"
"Jul 14, 2013","2.2467","2.2693","2.2725","2.2063","-0.91%"
"Jul 07, 2013","2.2673","2.2523","2.2805","2.2443","0.66%"
"Jun 30, 2013","2.2525","2.2295","2.2733","2.2170","0.91%"
"Jun 23, 2013","2.2321","2.2454","2.2648","2.1751","-0.44%"
"Jun 16, 2013","2.2420","2.1488","2.2774","2.1431","4.14%"
"Jun 09, 2013","2.1528","2.1380","2.1669","2.1179","0.97%"
"Jun 02, 2013","2.1321","2.1445","2.1542","2.0849","-0.48%"
"May 26, 2013","2.1423","2.0517","2.1507","2.0473","4.41%"
"May 19, 2013","2.0518","2.0358","2.0564","2.0266","0.81%"
"May 12, 2013","2.0353","2.0177","2.0417","2.0027","0.75%"
"May 05, 2013","2.0201","2.0105","2.0294","1.9943","0.55%"
"Apr 28, 2013","2.0091","1.9997","2.0157","1.9903","0.52%"
"Apr 21, 2013","1.9988","2.0102","2.0298","1.9953","-0.60%"
"Apr 14, 2013","2.0108","1.9696","2.0226","1.9696","2.10%"
"Apr 07, 2013","1.9695","1.9886","1.9939","1.9634","-0.83%"
"Mar 31, 2013","1.9860","2.0186","2.0289","1.9856","-1.89%"
"Mar 24, 2013","2.0242","2.0101","2.0276","2.0032","0.75%"
"Mar 17, 2013","2.0091","1.9858","2.0194","1.9754","1.38%"
"Mar 10, 2013","1.9817","1.9480","1.9848","1.9412","1.90%"
"Mar 03, 2013","1.9447","1.9830","1.9878","1.9427","-1.74%"
"Feb 24, 2013","1.9792","1.9743","1.9938","1.9632","0.33%"
"Feb 17, 2013","1.9727","1.9683","1.9792","1.9528","0.20%"
"Feb 10, 2013","1.9688","1.9689","1.9733","1.9498","-0.22%"
"Feb 03, 2013","1.9732","1.9878","1.9975","1.9510","-0.73%"
"Jan 27, 2013","1.9878","2.0303","2.0366","1.9787","-2.08%"
"Jan 20, 2013","2.0300","2.0405","2.0511","2.0275","-0.53%"
"Jan 13, 2013","2.0408","2.0292","2.0460","2.0292","0.37%"
"Jan 06, 2013","2.0332","2.0343","2.0461","2.0202","-0.07%"
"Dec 30, 2012","2.0347","2.0478","2.0505","2.0320","-0.63%"
"Dec 23, 2012","2.0475","2.0772","2.0772","2.0385","-1.48%"
"Dec 16, 2012","2.0783","2.0858","2.1025","2.0554","-0.35%"
"Dec 09, 2012","2.0856","2.0748","2.0895","2.0699","0.53%"
"Dec 02, 2012","2.0747","2.1357","2.1389","2.0713","-2.87%"
"Nov 25, 2012","2.1361","2.0823","2.1377","2.0716","2.62%"
"Nov 18, 2012","2.0816","2.0838","2.1172","2.0688","-0.12%"
"Nov 11, 2012","2.0842","2.0461","2.0873","2.0427","1.85%"
"Nov 04, 2012","2.0463","2.0311","2.0678","2.0303","0.72%"
"Oct 28, 2012","2.0316","2.0278","2.0352","2.0272","0.23%"
"Oct 21, 2012","2.0270","2.0274","2.0313","2.0230","-0.03%"
"Oct 14, 2012","2.0277","2.0439","2.0439","2.0252","-0.82%"
"Oct 07, 2012","2.0445","2.0323","2.0445","2.0278","0.66%"
"Sep 30, 2012","2.0310","2.0292","2.0345","2.0164","0.26%"
"Sep 23, 2012","2.0257","2.0231","2.0372","2.0227","0.16%"
"Sep 16, 2012","2.0225","2.0127","2.0368","2.0127","0.53%"
"Sep 09, 2012","2.0119","2.0286","2.0312","2.0065","-0.80%"
"Sep 02, 2012","2.0281","2.0302","2.0455","2.0271","-0.06%"
"Aug 26, 2012","2.0293","2.0256","2.0575","2.0236","0.11%"
"Aug 19, 2012","2.0271","2.0160","2.0360","2.0052","0.58%"
"Aug 12, 2012","2.0155","2.0157","2.0310","2.0140","0.03%"
"Aug 05, 2012","2.0149","2.0299","2.0362","2.0128","-0.66%"
"Jul 29, 2012","2.0282","2.0210","2.0570","2.0210","0.35%"
"Jul 22, 2012","2.0212","2.0229","2.0521","2.0079","-0.12%"
"Jul 15, 2012","2.0236","2.0357","2.0434","2.0092","-0.66%"
"Jul 08, 2012","2.0370","2.0260","2.0519","2.0227","0.44%"
"Jul 01, 2012","2.0281","2.0054","2.0416","1.9778","0.93%"
"Jun 24, 2012","2.0095","2.0667","2.0991","2.0042","-2.81%"
"Jun 17, 2012","2.0675","2.0445","2.0690","2.0217","0.93%"
"Jun 10, 2012","2.0484","2.0202","2.0751","2.0148","1.34%"
"Jun 03, 2012","2.0213","2.0404","2.0627","2.0118","-0.92%"
"May 27, 2012","2.0400","1.9827","2.0502","1.9699","2.79%"
"May 20, 2012","1.9846","2.0208","2.1062","1.9827","-1.93%"
"May 13, 2012","2.0237","1.9668","2.0588","1.9668","2.93%"
"May 06, 2012","1.9660","1.9272","1.9726","1.9184","2.00%"
"Apr 29, 2012","1.9275","1.8893","1.9367","1.8829","2.20%"
"Apr 22, 2012","1.8861","1.8762","1.8914","1.8725","0.73%"
"Apr 15, 2012","1.8724","1.8375","1.8942","1.8314","1.92%"
"Apr 08, 2012","1.8372","1.8260","1.8436","1.8153","0.87%"
"Apr 01, 2012","1.8214","1.8260","1.8358","1.8188","-0.27%"
"Mar 25, 2012","1.8264","1.8112","1.8375","1.8039","0.87%"
"Mar 18, 2012","1.8106","1.8033","1.8354","1.8013","0.57%"
"Mar 11, 2012","1.8003","1.7904","1.8327","1.7849","0.50%"
"Mar 04, 2012","1.7914","1.7301","1.7958","1.7249","3.48%"
"Feb 26, 2012","1.7311","1.7095","1.7364","1.6870","1.27%"
"Feb 19, 2012","1.7094","1.7176","1.7176","1.6959","-0.33%"
"Feb 12, 2012","1.7150","1.7225","1.7380","1.7095","-0.34%"
"Feb 05, 2012","1.7208","1.7184","1.7350","1.7120","0.27%"
"Jan 29, 2012","1.7161","1.7461","1.7573","1.7131","-1.23%"
"Jan 22, 2012","1.7374","1.7557","1.7692","1.7315","-0.99%"
"Jan 15, 2012","1.7548","1.7862","1.7893","1.7547","-1.69%"
"Jan 08, 2012","1.7849","1.8563","1.8569","1.7684","-3.93%"
"Jan 01, 2012","1.8579","1.8661","1.8750","1.8195","-0.28%"